{"model":{"version":3,"nodes":[{"name":"RootNode","position":[0,0,0],"rotation":[0,0,0],"scale":[0.01,0.01,0.01],"scaleCompensation":false},{"name":"Cylinder003","position":[0,0,0],"rotation":[-90,18.0077,1.14045e-15],"scale":[1,1,1],"scaleCompensation":false}],"parents":[-1,0],"skins":[],"morphs":[],"vertices":[{"position":{"type":"float32","components":3,"data":[12.1353,8.81678,3.73872,15,0,7,15,0,0,12.1353,8.81678,2.81769,4.68349,14.4029,0,4.63525,14.2658,7,-4.65457,14.3297,3.73872,4.63525,14.2658,7,4.68349,14.4029,0,-4.6574,14.3391,2.99286,-12.1353,8.81678,0,-12.1353,8.81678,7,-15.066,-0.000437295,3.73872,-15.0757,-0.00050106,3.00104,-12.1353,-8.81678,0,-12.1353,-8.81678,7,-4.65457,-14.3306,3.73872,-4.6574,-14.3401,3.06413,4.63526,-14.2658,0,4.63526,-14.2658,7,12.1353,-8.81678,3.73872,12.1353,-8.81678,2.94904,-4.6574,14.3391,2.99286,-6.9069,5.01968,-5.42118,-12.1353,8.81678,0,2.53949,8.12259,-5.42118,4.68349,14.4029,0,-12.1353,8.81678,0,-6.9069,5.01968,-5.42118,-15.0757,-0.00050106,3.00104,-6.9069,-5.02155,-5.42118,-12.1353,-8.81678,0,-6.9069,-5.02155,-5.42118,-4.6574,-14.3401,3.06413,-12.1353,-8.81678,0,2.64288,-8.12446,-5.42118,4.63526,-14.2658,0,8.54497,-0.246296,-5.42118,12.1353,-8.81678,2.94904,2.64288,-8.12446,-5.42118,15,0,0,4.63526,-14.2658,0,8.48801,-0.0389213,13.0229,12.1353,8.81678,3.73872,2.58592,8.0846,13.0229,15,0,7,4.63525,14.2658,7,2.58592,8.0846,13.0229,-4.65457,14.3297,3.73872,-6.84407,4.97251,13.0229,4.63525,14.2658,7,-12.1353,8.81678,7,-6.84407,-4.97251,13.0229,-6.84407,4.97251,13.0229,-15.066,-0.000437295,3.73872,-12.1353,-8.81678,7,-12.1353,8.81678,7,2.6142,-8.04568,13.0229,-6.84407,-4.97251,13.0229,-4.65457,-14.3306,3.73872,4.63526,-14.2658,7,-12.1353,-8.81678,7,8.48801,-0.0389213,13.0229,12.1353,-8.81678,3.73872,15,0,7,2.6142,-8.04568,13.0229,4.63526,-14.2658,7,8.48801,-0.0389213,13.0229,-6.84407,4.97251,13.0229,2.6142,-8.04568,13.0229,-6.84407,-4.97251,13.0229,2.58592,8.0846,13.0229,8.54497,-0.246296,-5.42118,12.1353,8.81678,2.81769,15,0,0,2.53949,8.12259,-5.42118,4.68349,14.4029,0,2.64288,-8.12446,-5.42118,2.53949,8.12259,-5.42118,8.54497,-0.246296,-5.42118,-6.9069,-5.02155,-5.42118,-6.9069,5.01968,-5.42118]},"normal":{"type":"float32","components":3,"data":[0.811316,0.584535,0.00920764,1,4.44924e-07,0,0.999999,0.00165395,0,0.81138,0.584446,0.00920449,0.314707,0.948995,0.0191759,0.312408,0.949754,0.0191813,-0.312641,0.949812,0.0105724,0.312408,0.949754,0.0191813,0.314707,0.948995,0.0191759,-0.312667,0.949804,0.0105717,-0.808966,0.587854,0.00124361,-0.809025,0.587773,0.00124361,-0.999999,-4.12244e-06,0.00124951,-0.999999,-3.30832e-05,0.00124951,-0.809492,-0.58713,0.00125919,-0.809037,-0.587756,0.00125922,-0.309007,-0.951059,0.00128858,-0.308894,-0.951096,0.00128858,0.313838,-0.949476,0.000644424,0.312483,-0.949923,0.000647302,0.809017,-0.587785,0,0.809017,-0.587785,0,-0.225699,0.681531,-0.696115,-0.225699,0.681531,-0.696115,-0.2257,0.681531,-0.696115,-0.225699,0.681531,-0.696115,-0.225699,0.681531,-0.696115,-0.718351,-7.59508e-08,-0.695681,-0.718351,-7.59508e-08,-0.695681,-0.718351,-7.59508e-08,-0.695681,-0.718351,-7.59508e-08,-0.695681,-0.718351,-7.59508e-08,-0.695681,-0.222601,-0.685096,-0.693608,-0.222601,-0.685096,-0.693608,-0.222601,-0.685096,-0.693608,-0.222601,-0.685096,-0.693608,-0.222601,-0.685096,-0.693608,0.583302,-0.427271,-0.690795,0.583302,-0.427271,-0.690795,0.583302,-0.427271,-0.690795,0.583302,-0.427271,-0.690795,0.583302,-0.427271,-0.690795,0.607795,0.441589,0.659988,0.607795,0.441589,0.659988,0.607795,0.441589,0.659988,0.607795,0.441589,0.659988,0.607795,0.441589,0.659988,-0.232756,0.713356,0.661021,-0.232756,0.713356,0.661021,-0.232756,0.713355,0.661021,-0.232756,0.713356,0.661021,-0.232756,0.713356,0.661021,-0.749338,-7.67004e-08,0.662188,-0.749338,-7.67004e-08,0.662188,-0.749338,-7.67004e-08,0.662188,-0.749338,-7.67005e-08,0.662188,-0.749338,-7.67005e-08,0.662188,-0.231544,-0.712621,0.662238,-0.231544,-0.712621,0.662238,-0.231544,-0.712621,0.662238,-0.231544,-0.712621,0.662238,-0.231544,-0.712621,0.662238,0.608101,-0.442957,0.658789,0.608101,-0.442957,0.658789,0.608101,-0.442957,0.658789,0.608101,-0.442957,0.658789,0.608101,-0.442957,0.658789,1.33266e-15,0,1,1.33266e-15,0,1,1.33266e-15,0,1,1.33266e-15,0,1,1.33266e-15,0,1,0.57609,0.412851,-0.70546,0.57609,0.412851,-0.70546,0.57609,0.412851,-0.70546,0.57609,0.412851,-0.70546,0.57609,0.412851,-0.70546,0,0,-1,0,0,-1,0,0,-1,0,0,-1,0,0,-1]},"texCoord0":{"type":"float32","components":2,"data":[0.85,1,0.75,1,0.75,0,0.85,0,0.95,0,0.95,1,0.05,1,-0.05,1,-0.05,0,0.05,0,0.15,0,0.15,1,0.25,1,0.25,0,0.35,0,0.35,1,0.45,1,0.45,0,0.55,0,0.55,1,0.65,1,0.65,0,0.05,0,0.15,0,0.15,0,-0.05,0,-0.05,0,0.15,0,0.15,0,0.25,0,0.35,0,0.35,0,0.35,0,0.45,0,0.35,0,0.55,0,0.55,0,0.75,0,0.65,0,0.55,0,0.75,0,0.55,0,0.75,1,0.85,1,0.95,1,0.75,1,0.95,1,-0.05,1,0.05,1,0.15,1,-0.05,1,0.15,1,0.35,1,0.15,1,0.25,1,0.35,1,0.15,1,0.55,1,0.35,1,0.45,1,0.55,1,0.35,1,0.75,1,0.65,1,0.75,1,0.55,1,0.55,1,0.440983,1,0.15,1,0.944428,1,0.35,1,-0.05,1,0.75,0,0.85,0,0.75,0,0.95,0,0.95,0,0.55,0,0.797214,0,0.75,0,0.35,0,0.36459,0]}}],"meshes":[{"aabb":{"min":[-15.0757,-14.3401,-5.42118],"max":[15,14.4029,13.0229]},"vertices":0,"indices":[0,1,2,0,2,3,0,4,5,4,0,3,6,7,8,6,8,9,6,10,11,10,6,9,12,11,10,12,10,13,12,14,15,14,12,13,16,15,14,16,14,17,16,18,19,18,16,17,20,19,18,20,18,21,20,2,1,2,20,21,22,23,24,25,22,26,23,22,25,27,28,29,29,30,31,30,29,28,32,33,34,33,35,36,35,33,32,37,38,39,38,37,40,38,41,39,42,43,44,43,42,45,43,46,44,47,48,49,48,47,50,48,51,49,52,53,54,54,55,52,54,53,56,57,58,59,59,60,57,59,58,61,62,63,64,63,62,65,65,66,63,67,68,69,69,68,70,68,67,71,72,73,74,73,75,76,73,72,75,77,78,79,78,80,81,80,78,77],"type":"triangles","base":0,"count":168}],"meshInstances":[{"node":1,"mesh":0}]}}