{"model":{"version":3,"nodes":[{"name":"RootNode","position":[0,0,0],"rotation":[0,0,0],"scale":[0.01,0.01,0.01],"scaleCompensation":false},{"name":"NGon001","position":[0,0,0],"rotation":[-90,30,2.02555e-15],"scale":[1,1,1],"scaleCompensation":false}],"parents":[-1,0],"skins":[],"morphs":[],"vertices":[{"position":{"type":"float32","components":3,"data":[10.5811,18.3269,1.36808,21.1621,2.15538e-05,1.36808,21.4407,2.30007e-05,1.1608e-13,10.7203,18.5682,6.44891e-15,10.18,17.6324,2.57115,20.3601,1.75071e-05,2.57115,9.56564,16.5682,3.4641,19.1313,1.13489e-05,3.4641,8.81196,15.2628,3.93923,17.6239,3.82183e-06,3.93923,8.00991,13.8736,3.93923,16.0198,-4.16622e-06,3.93923,7.25624,12.5682,3.4641,14.5125,-1.16518e-05,3.4641,6.64183,11.504,2.57115,13.2837,-1.77319e-05,2.57115,6.24081,10.8094,1.36808,12.4816,-2.16734e-05,1.36808,6.10154,10.5682,-3.49691e-07,12.2031,-2.30007e-05,-3.49691e-07,12.4816,-2.15538e-05,-1.36808,6.24081,10.8094,-1.36808,13.2837,-1.75071e-05,-2.57115,6.64183,11.504,-2.57115,14.5125,-1.13489e-05,-3.4641,7.25624,12.5682,-3.4641,16.0198,-3.82183e-06,-3.93923,8.00991,13.8736,-3.93923,17.6239,4.16622e-06,-3.93923,8.81196,15.2628,-3.93923,19.1313,1.16518e-05,-3.4641,9.56564,16.5682,-3.4641,20.3601,1.77319e-05,-2.57115,10.18,17.6324,-2.57115,21.1621,2.16734e-05,-1.36808,10.5811,18.3269,-1.36808,10.5811,18.3269,1.36808,-10.7203,18.5682,-3.22446e-15,-10.5811,18.3269,1.36808,10.7203,18.5682,6.44891e-15,-10.18,17.6323,2.57115,-9.56564,16.5682,3.4641,-8.81196,15.2628,3.93923,-8.00992,13.8736,3.93923,-7.25624,12.5682,3.4641,-6.64184,11.504,2.57115,-6.24081,10.8094,1.36808,6.24081,10.8094,1.36808,6.10154,10.5682,-3.49691e-07,-6.10154,10.5682,-3.49691e-07,-6.24081,10.8094,-1.36808,6.24081,10.8094,-1.36808,-6.64184,11.504,-2.57115,-7.25624,12.5682,-3.4641,-8.00992,13.8736,-3.93923,-8.81196,15.2628,-3.93923,-9.56564,16.5682,-3.4641,-10.18,17.6323,-2.57115,-10.5811,18.3269,-1.36808,10.5811,18.3269,-1.36808,-10.5811,18.3269,1.36808,-21.4407,-1.9201e-05,9.02848e-14,-21.1621,-1.80719e-05,1.36808,-10.7203,18.5682,-3.22446e-15,-20.3601,-1.49405e-05,2.57115,-19.1313,-1.01844e-05,3.4641,-17.6239,-4.37728e-06,3.93923,-16.0198,1.78043e-06,3.93923,-14.5125,7.546e-06,3.4641,-13.2837,1.2224e-05,2.57115,-6.24081,10.8094,1.36808,-12.4816,1.52503e-05,1.36808,-6.10154,10.5682,-3.49691e-07,-12.2031,1.62598e-05,-3.49691e-07,-12.4816,1.51307e-05,-1.36808,-6.24081,10.8094,-1.36808,-13.2837,1.19993e-05,-2.57115,-14.5125,7.24316e-06,-3.4641,-16.0198,1.43605e-06,-3.93923,-17.6239,-4.72166e-06,-3.93923,-19.1313,-1.04872e-05,-3.4641,-20.3601,-1.51653e-05,-2.57115,-21.1621,-1.81915e-05,-1.36808,-10.5811,18.3269,-1.36808,-10.5811,-18.3269,1.36808,-21.1621,-1.80719e-05,1.36808,-21.4407,-1.9201e-05,9.02848e-14,-10.7203,-18.5682,9.67337e-15,-10.18,-17.6324,2.57115,-9.56563,-16.5682,3.4641,-8.81196,-15.2628,3.93923,-8.00991,-13.8736,3.93923,-7.25624,-12.5682,3.4641,-6.64183,-11.504,2.57115,-6.24081,-10.8094,1.36808,-12.4816,1.52503e-05,1.36808,-6.10154,-10.5682,-3.49691e-07,-12.2031,1.62598e-05,-3.49691e-07,-12.4816,1.51307e-05,-1.36808,-6.24081,-10.8094,-1.36808,-6.64183,-11.504,-2.57115,-7.25624,-12.5682,-3.4641,-8.00991,-13.8736,-3.93923,-8.81196,-15.2628,-3.93923,-9.56564,-16.5682,-3.4641,-10.18,-17.6324,-2.57115,-21.1621,-1.81915e-05,-1.36808,-10.5811,-18.3269,-1.36808,-10.5811,-18.3269,1.36808,10.7203,-18.5682,0,10.5811,-18.3269,1.36808,-10.7203,-18.5682,9.67337e-15,10.18,-17.6323,2.57115,9.56564,-16.5682,3.4641,8.81197,-15.2628,3.93923,8.00992,-13.8736,3.93923,7.25624,-12.5682,3.4641,6.64184,-11.504,2.57115,-6.24081,-10.8094,1.36808,6.24082,-10.8094,1.36808,6.10154,-10.5682,-3.49691e-07,-6.10154,-10.5682,-3.49691e-07,6.24082,-10.8094,-1.36808,-6.24081,-10.8094,-1.36808,6.64184,-11.504,-2.57115,7.25624,-12.5682,-3.4641,8.00992,-13.8736,-3.93923,8.81197,-15.2628,-3.93923,9.56564,-16.5682,-3.4641,10.18,-17.6323,-2.57115,-10.5811,-18.3269,-1.36808,10.5811,-18.3269,-1.36808,10.5811,-18.3269,1.36808,21.4407,2.30007e-05,1.1608e-13,21.1621,2.15538e-05,1.36808,10.7203,-18.5682,0,6.24082,-10.8094,1.36808,12.4816,-2.16734e-05,1.36808,6.10154,-10.5682,-3.49691e-07,12.2031,-2.30007e-05,-3.49691e-07,12.4816,-2.15538e-05,-1.36808,6.24082,-10.8094,-1.36808,21.1621,2.16734e-05,-1.36808,10.5811,-18.3269,-1.36808]},"normal":{"type":"float32","components":3,