{"model":{"version":3,"nodes":[{"name":"RootNode","position":[0,0,0],"rotation":[0,0,0],"scale":[0.01,0.01,0.01],"scaleCompensation":false},{"name":"Line002","position":[0,9.99808e-07,0],"rotation":[-90,-0,0],"scale":[1.04838,1.04838,1.04838],"scaleCompensation":false}],"parents":[-1,0],"skins":[],"morphs":[],"vertices":[{"position":{"type":"float32","components":3,"data":[-4.71774,4.41277,-0.00297792,-7.25139,0.372161,-0.00198556,-4.43344,4.41277,1.60937,-6.81422,0.372162,2.47733,-3.7015,-4.88228,1.34723,-13.1106,-7.70906,4.77185,-13.952,-7.70906,-9.53674e-07,-3.93905,-4.88228,-9.53674e-07,-3.7015,-12.494,1.34723,-3.7015,-4.88228,1.34723,-3.93905,-4.88228,-9.53674e-07,-3.93905,-12.494,-9.53674e-07,-3.93905,-12.494,-9.53674e-07,0,-12.494,1.07832e-06,-3.7015,-12.494,1.34723,-3.61483,4.41277,3.02725,-5.55544,0.372161,4.6576,-3.01749,-4.88228,2.53197,-10.6878,-7.70906,8.96815,-3.01749,-12.494,2.53197,-3.01749,-4.88228,2.53197,-3.01749,-12.494,2.53197,-3.62688,0.372162,6.27586,-2.36065,4.41277,4.07964,-1.96953,-4.88228,3.41132,-6.97598,-7.70906,12.0828,-1.96953,-12.494,3.41132,-1.96953,-4.88228,3.41132,-1.96953,-12.494,3.41132,-1.26115,0.372161,7.13692,-0.822159,4.41277,4.6396,-0.68401,-4.88228,3.87921,-2.42273,-7.70906,13.74,-0.68401,-12.494,3.87921,-0.68401,-4.88228,3.87921,-0.68401,-12.494,3.87921,0.815066,4.41277,4.6396,1.25642,0.372162,7.13692,0.684008,-4.88228,3.87921,2.42273,-7.70906,13.74,0.684007,-12.494,3.87921,0.684008,-4.88228,3.87921,0.684007,-12.494,3.87921,2.35355,4.41277,4.07964,3.62215,0.372161,6.27586,1.96952,-4.88228,3.41132,6.97598,-7.70906,12.0828,1.96952,-12.494,3.41132,1.96952,-4.88228,3.41132,1.96952,-12.494,3.41132,5.55072,0.372161,4.6576,3.60774,4.41277,3.02725,3.01749,-4.88228,2.53197,10.6878,-7.70906,8.96815,3.01749,-12.494,2.53197,3.01749,-4.88228,2.53197,3.01749,-12.494,2.53197,6.8095,0.372163,2.47733,4.42635,4.41277,1.60937,3.70149,-4.88228,1.34723,13.1106,-7.70906,4.77185,3.70149,-4.88228,1.34723,3.70149,-12.494,1.34724,3.70149,-12.494,1.34724,7.24667,0.372161,-0.00198489,4.71065,4.41277,-0.00297749,3.93905,-4.88228,1.21389e-06,13.952,-7.70906,3.38536e-07,3.93905,-12.494,2.77302e-06,3.93905,-4.88228,1.21389e-06,3.93905,-12.494,2.77302e-06,4.42635,4.41277,-1.61533,6.80949,0.37216,-2.4813,3.7015,-4.88228,-1.34723,13.1106,-7.70906,-4.77186,3.7015,-12.494,-1.34723,3.7015,-4.88228,-1.34723,3.7015,-12.494,-1.34723,5.55072,0.37216,-4.66157,3.60774,4.41277,-3.03321,3.01749,-4.88228,-2.53197,10.6878,-7.70906,-8.96815,3.01749,-4.88228,-2.53197,3.01749,-12.494,-2.53197,3.01749,-12.494,-2.53197,3.62215,0.37216,-6.27983,2.35355,4.41277,-4.08559,1.96953,-4.88228,-3.41132,6.97598,-7.70906,-12.0828,1.96953,-12.494,-3.41131,1.96953,-4.88228,-3.41132,1.96953,-12.494,-3.41131,1.25642,0.37216,-7.14089,0.815066,4.41277,-4.64556,0.68401,-4.88228,-3.87921,2.42273,-7.70906,-13.74,0.684011,-12.494,-3.8792,0.68401,-4.88228,-3.87921,0.684011,-12.494,-3.8792,-1.26115,0.37216,-7.14089,-0.82216,4.41277,-4.64556,-2.42274,-7.70906,-13.74,-0.684009,-4.88228,-3.87921,-0.684008,-12.494,-3.8792,-0.684009,-4.88228,-3.87921,-0.684008,-12.494,-3.8792,-3.62688,0.372159,-6.27983,-2.36065,4.41277,-4.08559,-1.96952,-4.88228,-3.41132,-6.97598,-7.70906,-12.0828,-1.96952,-12.494,-3.41132,-1.96952,-4.88228,-3.41132,-1.96952,-12.494,-3.41132,-5.55544,0.37216,-4.66157,-3.61483,4.41277,-3.03321,-3.01749,-4.88228,-2.53197,-10.6878,-7.70906,-8.96815,-3.01749,-12.494,-2.53197,-3.01749,-4.88228,-2.53197,-3.01749,-12.494,-2.53197,-6.81422,0.37216,-2.4813,-4.43344,4.41277,-1.61533,-3.70149,-4.88228,-1.34724,-13.1106,-7.70906,-4.77186,-3.70149,-12.494,-1.34724,-3.70149,-4.88228,-1.34724,-3.70149,-12.494,-1.34724,-2.16667,8.45338,0.782913,-0.00591059,12.494,-0.00496264,-2.30542,8.45338,-0.0039703,-9.45676,-3.66845,3.44056,-13.952,-7.70906,-9.53674e-07,-13.1106,-7.70906,4.77185,-10.0636,-3.66845,-0.000993261,-10.6878,-7.70906,8.96815,-7.70945,-3.66845,6.46701,-1.76716,8.45338,1.47489,-1.15507,8.45338,1.98849,-5.03239,-3.66845,8.71332,-6.97598,-7.70906,12.0828,-2.42273,-7.70906,13.74,-1.7485,-3.66845,9.90856,-0.404239,8.45338,2.26177,2.42273,-7.70906,13.74,1.74614,-3.66845,9.90856,0.394783,8.45338,2.26177,1.14562,8.45338,1.98849,5.03003,-3.66845,8.71332,6.97598,-7.70906,12.0828,7.70708,-3.66845,6.46701,10.6878,-7.70906,8.96815,1.7577,8.45338,1.47489,13.1106,-7.70906,4.77185,9.4544,-3.66845,3.44056,2.15721,8.45338,0.782912,2.29596,8.45338,-0.00397008,13.952,-7.70906,3.38536e-07,10.0612,-3.66845,-0.000992328,2.15721,8.45338,-0.790853,9.4544,-3.66845,-3.44254,13.1106,-7.70906,-4.77186,10.6878,-7.70906,-8.96815,7.70708,-3.66845,-6.46899,1.7577,8.45338,-1.48283,1.14562,8.45338,-1.99643,6.97598,-7.70906,-12.0828,5.03003,-3.66845,-8.7153,2.42273,-7.70906,-13.74,1.74614,-3.66845,-9.91054,0.394783,8.45338,-2.26971,-0.40424,8.45338,-2.26971,-2.42274,-7.70906,-13.74,-1.74851,-3.66845,-9.91054,-6.97598,-7.70906,-12.0828,-5.03239,-3.66845,-8.71531,-1.15507,8.45338,-1.99643,-1.76716,8.45338,-1.48283,-10.6878,-7.70906,-8.96815,-7.70945,-3.66845,-6.46899,-2.16667,8.45338,-0.790854,-13.1106,-7.70906,-4.77186,-9.45676,-3.66845,-3.44255]},"normal":{"type":"float32","components":3,